63B074;-;PE 01.01;13;0;UTS;21/10/2013;1;0;Esai;-
65B071;-;PE 01.01;8;0;UTS;21/10/2013;1;0;Esai;-
64B215;-;TC 02.01;22;0;UTS;21/10/2013;1;0;Esai;-
68B422;P;TC 02.01;41;0;UTS;21/10/2013;1;0;Esai;-
60B101;C;TF 01.01A;54;0;UTS;21/10/2013;1;0;Esai;-
60B101;C;TF 01.01B;53;0;UTS;21/10/2013;1;0;Esai;-
60B101;B;TF 02.01;25;0;UTS;21/10/2013;1;0;Esai;-
60B101;B;TF 02.02;40;0;UTS;21/10/2013;1;0;Esai;-
60B101;B;TF 02.03;18;0;UTS;21/10/2013;1;0;Esai;-
60B101;A;TF 02.03;7;0;UTS;21/10/2013;1;0;Esai;-
60B101;A;TF 02.04;25;0;UTS;21/10/2013;1;0;Esai;-
60B101;A;TF 02.05;25;0;UTS;21/10/2013;1;0;Esai;-
60B101;A;TF 03.01;20;0;UTS;21/10/2013;1;0;Esai;-
60B101;F;TF 03.01;20;0;UTS;21/10/2013;1;0;Esai;-
60B101;F;TF 03.02;40;0;UTS;21/10/2013;1;0;Esai;-
60B101;F;TF 03.03;7;0;UTS;21/10/2013;1;0;Esai;-
60B101;E;TF 03.03;33;0;UTS;21/10/2013;1;0;Esai;-
60B101;E;TF 04.01A;7;0;UTS;21/10/2013;1;0;Esai;-
67B011;-;TF 04.01A;18;0;UTS;21/10/2013;1;0;Esai;-
67B011;-;TF 04.01B;25;0;UTS;21/10/2013;1;0;Esai;-
62B073;-;TF 04.02A;21;0;UTS;21/10/2013;1;0;Esai;-
67B011;-;TF 04.02A;4;0;UTS;21/10/2013;1;0;Esai;-
62B073;-;TF 04.02B;25;0;UTS;21/10/2013;1;0;Esai;-
60B101;E;TF 04.03A;25;0;UTS;21/10/2013;1;0;Esai;-
60B101;D;TF 04.03B;24;0;UTS;21/10/2013;1;0;Esai;-
62B073;-;TF 04.03B;1;0;UTS;21/10/2013;1;0;Esai;-
60B101;D;TG 03 02;17;0;UTS;21/10/2013;1;0;Esai;-
63B074;-;TG 03 02;8;0;UTS;21/10/2013;1;0;Esai;-
66B032;-;PE 02.02;1;0;UTS;28/10/2013;2;0;Esai;-
64B021;B;TC 04.A;20;0;UTS;28/10/2013;2;0;Esai;-
64B021;B;TC 04.B;6;0;UTS;28/10/2013;2;0;Esai;-
64B021;A;TC 04.B;14;0;UTS;28/10/2013;2;0;Esai;-
64B021;A;TC 04.C;7;0;UTS;28/10/2013;2;0;Esai;-
60B501;D;TF 01.01A;54;0;UTS;28/10/2013;2;0;Esai;-
60B501;D;TF 01.01B;52;0;UTS;28/10/2013;2;0;Esai;-
60B501;B;TF 02.01;25;0;UTS;28/10/2013;2;0;Esai;-
60B501;B;TF 02.02;40;0;UTS;28/10/2013;2;0;Esai;-
60B501;B;TF 02.03;18;0;UTS;28/10/2013;2;0;Esai;-
60B501;A;TF 02.03;7;0;UTS;28/10/2013;2;0;Esai;-
60B501;A;TF 02.04;25;0;UTS;28/10/2013;2;0;Esai;-
60B501;A;TF 02.05;25;0;UTS;28/10/2013;2;0;Esai;-
60B501;A;TF 03.01;19;0;UTS;28/10/2013;2;0;Esai;-
64B031;A;TF 03.01;21;0;UTS;28/10/2013;2;0;Esai;-
64B031;A;TF 03.02;39;0;UTS;28/10/2013;2;0;Esai;-
60B501;E;TF 03.03;40;0;UTS;28/10/2013;2;0;Esai;-
60B501;C;TF 04.01A;25;0;UTS;28/10/2013;2;0;Esai;-
60B501;C;TF 04.01B;22;0;UTS;28/10/2013;2;0;Esai;-
60B406;-;TF 04.02A;25;0;UTS;28/10/2013;2;0;Esai;-
60B406;-;TF 04.02B;19;0;UTS;28/10/2013;2;0;Esai;-
64B205;-;TF 04.02B;6;0;UTS;28/10/2013;2;0;Esai;-
60B501;E;TF 04.03A;17;0;UTS;28/10/2013;2;0;Esai;-
60B501;C;TF 04.03A;8;0;UTS;28/10/2013;2;0;Esai;-
64B205;-;TF 04.03B;25;0;UTS;28/10/2013;2;0;Esai;-
63B042;B;TG 03 02;13;0;UTS;28/10/2013;2;0;Esai;-
64B205;-;TG 03 02;1;0;UTS;28/10/2013;2;0;Esai;-
63B162;Z;LAB KOMP.;10;0;UTS;04/11/2013;3;0;Esai;-
61B261;-;TC 03;4;0;UTS;04/11/2013;3;0;Esai;-
63B562;-;TF 01.01A;54;0;UTS;04/11/2013;3;0;Esai;-
62B054;-;TF 01.01B;7;0;UTS;04/11/2013;3;0;Esai;-
63B562;-;TF 01.01B;4;0;UTS;04/11/2013;3;0;Esai;-
67B035;-;TF 01.01B;43;0;UTS;04/11/2013;3;0;Esai;-
62B054;-;TF 02.01;25;0;UTS;04/11/2013;3;0;Esai;-
62B054;-;TF 02.02;3;0;UTS;04/11/2013;3;0;Esai;-
63B361;-;TF 02.02;15;0;UTS;04/11/2013;3;0;Esai;-
64B605;A;TF 02.02;19;0;UTS;04/11/2013;3;0;Esai;-
66B014;-;TF 02.02;2;0;UTS;04/11/2013;3;0;Esai;-
64B061;-;TF 02.03;9;0;UTS;04/11/2013;3;0;Esai;-
65B054;-;TF 02.03;8;0;UTS;04/11/2013;3;0;Esai;-
00114A;A;FAK-EKONOM;9;0;UTS;11/11/2013;4;0;Esai;-
00116A;A;FAK-EKONOM;3;0;UTS;11/11/2013;4;0;Esai;-
00115A;D;TF 01.01A;25;0;UTS;11/11/2013;4;0;Esai;-
67B053;-;TF 01.01A;28;0;UTS;11/11/2013;4;0;Esai;-
00111A;E;TF 01.01B;21;0;UTS;11/11/2013;4;0;Esai;-
00112A;D;TF 01.01B;9;0;UTS;11/11/2013;4;0;Esai;-
00113A;E;TF 01.01B;24;0;UTS;11/11/2013;4;0;Esai;-
00112A;D;TF 02.01;7;0;UTS;11/11/2013;4;0;Esai;-
66B012;A;PE 02.02;2;0;UTS;22/10/2013;1;0;Esai;-
62B011;A;TF 01.01A;54;0;UTS;22/10/2013;1;0;Esai;-
62B011;B;TF 01.01B;49;0;UTS;22/10/2013;1;0;Esai;-
62B011;A;TF 01.01B;3;0;UTS;22/10/2013;1;0;Esai;-
63B052;-;TF 02.01;25;0;UTS;22/10/2013;1;0;Esai;-
62B053;-;TF 02.02;22;0;UTS;22/10/2013;1;0;Esai;-
63B052;-;TF 02.02;18;0;UTS;22/10/2013;1;0;Esai;-
62B053;-;TF 02.03;20;0;UTS;22/10/2013;1;0;Esai;-
62B064;-;TF 02.03;5;0;UTS;22/10/2013;1;0;Esai;-
62B064;-;TF 02.04;25;0;UTS;22/10/2013;1;0;Esai;-
62B064;-;TF 02.05;5;0;UTS;22/10/2013;1;0;Esai;-
68B053;Q;TF 02.05;20;0;UTS;22/10/2013;1;0;Esai;-
68B053;P;TF 03.01;26;0;UTS;22/10/2013;1;0;Esai;-
68B053;Q;TF 03.01;14;0;UTS;22/10/2013;1;0;Esai;-
67B032;-;TF 03.02;21;0;UTS;22/10/2013;1;0;Esai;-
68B053;P;TF 03.02;8;0;UTS;22/10/2013;1;0;Esai;-
69B031;Z;TC 02.01;1;0;UTS;29/10/2013;2;0;Esai;-
68B401;P;TC 02.01;21;0;UTS;29/10/2013;2;0;Esai;-
64B053;A;TC 04.A;28;0;UTS;29/10/2013;2;0;Esai;-
69B011;Z;TC 04.B;7;0;UTS;29/10/2013;2;0;Esai;-
64B011;C;TF 01.01A;50;0;UTS;29/10/2013;2;0;Esai;-
64B011;G;TF 01.01B;45;0;UTS;29/10/2013;2;0;Esai;-
64B011;F;TF 01.01B;9;0;UTS;29/10/2013;2;0;Esai;-
64B011;F;TF 02.01;25;0;UTS;29/10/2013;2;0;Esai;-
64B011;F;TF 02.02;8;0;UTS;29/10/2013;2;0;Esai;-
64B011;B;TF 02.02;32;0;UTS;29/10/2013;2;0;Esai;-
64B011;E;TF 02.03;17;0;UTS;29/10/2013;2;0;Esai;-
64B011;B;TF 02.03;8;0;UTS;29/10/2013;2;0;Esai;-
64B011;E;TF 02.04;19;0;UTS;29/10/2013;2;0;Esai;-
64B011;A;TF 02.04;6;0;UTS;29/10/2013;2;0;Esai;-
64B011;A;TF 02.05;25;0;UTS;29/10/2013;2;0;Esai;-
64B011;A;TF 03.01;4;0;UTS;29/10/2013;2;0;Esai;-
66B075;-;TF 03.01;34;0;UTS;29/10/2013;2;0;Esai;-
64B011;D;TF 03.02;34;0;UTS;29/10/2013;2;0;Esai;-
64B024;A;TF 03.02;6;0;UTS;29/10/2013;2;0;Esai;-
64B024;A;TF 03.03;21;0;UTS;29/10/2013;2;0;Esai;-
68B055;P;TF 03.03;19;0;UTS;29/10/2013;2;0;Esai;-
63B151;-;TF 04.01A;13;0;UTS;29/10/2013;2;0;Esai;-
65B034;-;TF 04.01A;12;0;UTS;29/10/2013;2;0;Esai;-
61B032;-;TF 04.01B;6;0;UTS;29/10/2013;2;0;Esai;-
62B077;-;TF 04.01B;10;0;UTS;29/10/2013;2;0;Esai;-
65B011;-;TF 04.03A;17;0;UTS;29/10/2013;2;0;Esai;-
68B055;P;TF 04.03A;5;0;UTS;29/10/2013;2;0;Esai;-
60B103;A;TF 01.01A;53;0;UTS;05/11/2013;3;0;Esai;-
60B103;C;TF 01.01B;8;0;UTS;05/11/2013;3;0;Esai;-
60B103;B;TF 01.01B;46;0;UTS;05/11/2013;3;0;Esai;-
60B103;C;TF 02.01;25;0;UTS;05/11/2013;3;0;Esai;-
60B103;C;TF 02.02;10;0;UTS;05/11/2013;3;0;Esai;-
63B353;-;TF 02.02;5;0;UTS;05/11/2013;3;0;Esai;-
68B410;P;TF 02.02;25;0;UTS;05/11/2013;3;0;Esai;-
63B353;-;TF 02.03;13;0;UTS;05/11/2013;3;0;Esai;-
67B054;-;TF 02.03;11;0;UTS;05/11/2013;3;0;Esai;-
61B154;-;TF 02.04;11;0;UTS;05/11/2013;3;0;Esai;-
63B571;-;TF 02.04;7;0;UTS;05/11/2013;3;0;Esai;-
66B033;-;TF 02.04;3;0;UTS;05/11/2013;3;0;Esai;-
68B419;P;TC 02.01;30;0;UTS;12/11/2013;4;0;Esai;-
64B902;B;TF 02.02;33;0;UTS;12/11/2013;4;0;Esai;-
63B202;-;LAB KOMP.;19;0;UTS;23/10/2013;1;0;Esai;-
68B072;P;TC 02.01;11;0;UTS;23/10/2013;1;0;Esai;-
64B071;A;TC 02.01;45;0;UTS;23/10/2013;1;0;Esai;-
60B301;C;TF 01.01A;54;0;UTS;23/10/2013;1;0;Esai;-
60B301;C;TF 01.01B;52;0;UTS;23/10/2013;1;0;Esai;-
69B032;Z;TF 01.01B;1;0;UTS;23/10/2013;1;0;Esai;-
60B301;A;TF 02.01;25;0;UTS;23/10/2013;1;0;Esai;-
60B301;A;TF 02.02;40;0;UTS;23/10/2013;1;0;Esai;-
60B301;A;TF 02.03;21;0;UTS;23/10/2013;1;0;Esai;-
62B552;-;TF 02.03;3;0;UTS;23/10/2013;1;0;Esai;-
60B301;B;TF 02.04;25;0;UTS;23/10/2013;1;0;Esai;-
60B301;B;TF 02.05;25;0;UTS;23/10/2013;1;0;Esai;-
60B301;B;TF 03.01;32;0;UTS;23/10/2013;1;0;Esai;-
60B303;A;TF 03.01;8;0;UTS;23/10/2013;1;0;Esai;-
60B303;A;TF 03.02;40;0;UTS;23/10/2013;1;0;Esai;-
60B303;B;TF 03.03;27;0;UTS;23/10/2013;1;0;Esai;-
60B303;A;TF 03.03;13;0;UTS;23/10/2013;1;0;Esai;-
60B303;B;TF 04.01A;8;0;UTS;23/10/2013;1;0;Esai;-
62B152;-;TF 04.01A;17;0;UTS;23/10/2013;1;0;Esai;-
62B152;-;TF 04.01B;25;0;UTS;23/10/2013;1;0;Esai;-
60B301;D;TF 04.02A;21;0;UTS;23/10/2013;1;0;Esai;-
62B152;-;TF 04.02A;4;0;UTS;23/10/2013;1;0;Esai;-
60B301;D;TF 04.02B;22;0;UTS;23/10/2013;1;0;Esai;-
60B303;B;TF 04.03A;25;0;UTS;23/10/2013;1;0;Esai;-
66B052;-;TF 04.03B;25;0;UTS;23/10/2013;1;0;Esai;-
66B052;-;TG 03 02;16;0;UTS;23/10/2013;1;0;Esai;-
68B011;A;TC 02.01;21;0;UTS;30/10/2013;2;0;Esai;-
68B011;S;TC 02.01;23;0;UTS;30/10/2013;2;0;Esai;-
68B011;R;TC 02.01;25;0;UTS;30/10/2013;2;0;Esai;-
68B011;Q;TC 02.01;24;0;UTS;30/10/2013;2;0;Esai;-
68B011;P;TC 02.01;23;0;UTS;30/10/2013;2;0;Esai;-
68B423;P;TC 02.01;14;0;UTS;30/10/2013;2;0;Esai;-
63B037;A;TF 01.01A;54;0;UTS;30/10/2013;2;0;Esai;-
63B037;A;TF 01.01B;14;0;UTS;30/10/2013;2;0;Esai;-
64B051;-;TF 01.01B;40;0;UTS;30/10/2013;2;0;Esai;-
64B051;-;TF 02.01;21;0;UTS;30/10/2013;2;0;Esai;-
63B053;A;TF 02.02;40;0;UTS;30/10/2013;2;0;Esai;-
63B053;A;TF 02.03;16;0;UTS;30/10/2013;2;0;Esai;-
64B607;-;TF 02.03;9;0;UTS;30/10/2013;2;0;Esai;-
64B607;-;TF 02.04;25;0;UTS;30/10/2013;2;0;Esai;-
63B037;B;TF 02.05;18;0;UTS;30/10/2013;2;0;Esai;-
64B607;-;TF 02.05;7;0;UTS;30/10/2013;2;0;Esai;-
63B037;B;TF 03.01;14;0;UTS;30/10/2013;2;0;Esai;-
63B072;-;TF 03.01;25;0;UTS;30/10/2013;2;0;Esai;-
62B071;A;TF 03.02;19;0;UTS;30/10/2013;2;0;Esai;-
62B071;B;TF 03.02;9;0;UTS;30/10/2013;2;0;Esai;-
65B052;-;TF 03.02;12;0;UTS;30/10/2013;2;0;Esai;-
62B071;B;TF 03.03;2;0;UTS;30/10/2013;2;0;Esai;-
69B012;Z;TF 03.03;7;0;UTS;30/10/2013;2;0;Esai;-
60B104;-;TF 01.01A;54;0;UTS;06/11/2013;3;0;Esai;-
60B104;-;TF 01.01B;3;0;UTS;06/11/2013;3;0;Esai;-
64B035;B;TF 01.01B;51;0;UTS;06/11/2013;3;0;Esai;-
64B035;A;TF 02.01;23;0;UTS;06/11/2013;3;0;Esai;-
64B035;B;TF 02.01;2;0;UTS;06/11/2013;3;0;Esai;-
63B604;-;TF 02.02;17;0;UTS;06/11/2013;3;0;Esai;-
64B035;A;TF 02.02;23;0;UTS;06/11/2013;3;0;Esai;-
63B604;-;TF 02.03;22;0;UTS;06/11/2013;3;0;Esai;-
64B608;-;TF 02.04;25;0;UTS;06/11/2013;3;0;Esai;-
64B214;-;TF 02.05;22;0;UTS;06/11/2013;3;0;Esai;-
64B608;-;TF 02.05;3;0;UTS;06/11/2013;3;0;Esai;-
63B362;Z;TF 03.01;13;0;UTS;06/11/2013;3;0;Esai;-
64B214;-;TF 03.01;6;0;UTS;06/11/2013;3;0;Esai;-
67B601;-;TF 03.01;21;0;UTS;06/11/2013;3;0;Esai;-
61B171;-;TF 03.02;13;0;UTS;06/11/2013;3;0;Esai;-
63B362;Z;TF 03.02;8;0;UTS;06/11/2013;3;0;Esai;-
66B071;-;TF 03.02;17;0;UTS;06/11/2013;3;0;Esai;-
64B608;B;TF 03.03;10;0;UTS;06/11/2013;3;0;Esai;-
68B427;P;TF 01.01A;25;0;UTS;13/11/2013;4;0;Esai;-
66B011;-;PE 03.01;2;0;UTS;24/10/2013;1;0;Esai;-
68B013;P;TC 02.01;43;0;UTS;24/10/2013;1;0;Esai;-
68B013;Q;TC 02.01;47;0;UTS;24/10/2013;1;0;Esai;-
64B903;A;TF 01.01A;54;0;UTS;24/10/2013;1;0;Esai;-
64B013;B;TF 01.01B;39;0;UTS;24/10/2013;1;0;Esai;-
64B903;A;TF 01.01B;15;0;UTS;24/10/2013;1;0;Esai;-
64B013;B;TF 02.01;25;0;UTS;24/10/2013;1;0;Esai;-
64B013;B;TF 02.02;4;0;UTS;24/10/2013;1;0;Esai;-
64B013;A;TF 02.02;36;0;UTS;24/10/2013;1;0;Esai;-
64B013;A;TF 02.03;25;0;UTS;24/10/2013;1;0;Esai;-
64B013;A;TF 02.04;1;0;UTS;24/10/2013;1;0;Esai;-
67B014;-;TF 02.04;24;0;UTS;24/10/2013;1;0;Esai;-
67B014;-;TF 02.05;25;0;UTS;24/10/2013;1;0;Esai;-
63B044;-;TF 03.01;36;0;UTS;24/10/2013;1;0;Esai;-
62B072;-;TF 03.02;15;0;UTS;24/10/2013;1;0;Esai;-
65B032;-;TF 03.02;13;0;UTS;24/10/2013;1;0;Esai;-
66B213;-;PE 02.02;33;0;UTS;31/10/2013;2;0;Esai;-
61B012;-;TB 03;25;0;UTS;31/10/2013;2;0;Esai;-
61B373;-;TC 03;2;0;UTS;31/10/2013;2;0;Esai;-
64B042;B;TC 04.A;29;0;UTS;31/10/2013;2;0;Esai;-
68B033;P;TF 01.01A;54;0;UTS;31/10/2013;2;0;Esai;-
60B407;-;TF 01.01B;38;0;UTS;31/10/2013;2;0;Esai;-
68B033;P;TF 01.01B;16;0;UTS;31/10/2013;2;0;Esai;-
60B407;-;TF 02.01;4;0;UTS;31/10/2013;2;0;Esai;-
64B202;A;TF 02.01;21;0;UTS;31/10/2013;2;0;Esai;-
63B051;-;TF 02.02;26;0;UTS;31/10/2013;2;0;Esai;-
64B064;-;TF 02.02;6;0;UTS;31/10/2013;2;0;Esai;-
64B202;A;TF 02.02;8;0;UTS;31/10/2013;2;0;Esai;-
63B021;-;TF 02.03;9;0;UTS;31/10/2013;2;0;Esai;-
64B064;-;TF 02.03;12;0;UTS;31/10/2013;2;0;Esai;-
69B033;Z;TF 02.03;1;0;UTS;31/10/2013;2;0;Esai;-
65B408;-;TF 02.04;8;0;UTS;31/10/2013;2;0;Esai;-
63B034;B;TF 01.01A;38;0;UTS;07/11/2013;3;0;Esai;-
63B034;A;TF 01.01A;16;0;UTS;07/11/2013;3;0;Esai;-
63B034;A;TF 01.01B;22;0;UTS;07/11/2013;3;0;Esai;-
67B031;-;TF 01.01B;32;0;UTS;07/11/2013;3;0;Esai;-
67B031;-;TF 02.01;5;0;UTS;07/11/2013;3;0;Esai;-
68B051;P;TF 02.01;20;0;UTS;07/11/2013;3;0;Esai;-
63B601;-;TF 02.02;21;0;UTS;07/11/2013;3;0;Esai;-
68B051;Q;TF 02.02;14;0;UTS;07/11/2013;3;0;Esai;-
68B051;P;TF 02.02;5;0;UTS;07/11/2013;3;0;Esai;-
63B402;-;TF 02.03;18;0;UTS;07/11/2013;3;0;Esai;-
68B051;Q;TF 02.03;5;0;UTS;07/11/2013;3;0;Esai;-
61B055;-;TF 02.04;11;0;UTS;07/11/2013;3;0;Esai;-
62B553;-;TF 02.04;7;0;UTS;07/11/2013;3;0;Esai;-
64B410;-;TF 02.04;6;0;UTS;07/11/2013;3;0;Esai;-
66B015;A;TF 02.05;3;0;UTS;07/11/2013;3;0;Esai;-
00141A;AN;TF 01.01A;54;0;UTS;14/11/2013;4;0;Esai;-
00141A;AN;TF 01.01B;9;0;UTS;14/11/2013;4;0;Esai;-
00141A;R;TF 01.01B;45;0;UTS;14/11/2013;4;0;Esai;-
00141A;Q;TF 02.01;10;0;UTS;14/11/2013;4;0;Esai;-
00141A;R;TF 02.01;15;0;UTS;14/11/2013;4;0;Esai;-
00141A;Q;TF 02.02;40;0;UTS;14/11/2013;4;0;Esai;-
00141A;AO;TF 02.03;16;0;UTS;14/11/2013;4;0;Esai;-
00141A;Q;TF 02.03;9;0;UTS;14/11/2013;4;0;Esai;-
00141A;AO;TF 02.04;25;0;UTS;14/11/2013;4;0;Esai;-
00141A;AO;TF 02.05;16;0;UTS;14/11/2013;4;0;Esai;-
00141A;AP;TF 02.05;9;0;UTS;14/11/2013;4;0;Esai;-
00141A;AP;TF 03.01;40;0;UTS;14/11/2013;4;0;Esai;-
00141A;AM;TF 03.02;33;0;UTS;14/11/2013;4;0;Esai;-
00141A;AP;TF 03.02;7;0;UTS;14/11/2013;4;0;Esai;-
00141A;AL;TF 03.03;25;0;UTS;14/11/2013;4;0;Esai;-
00141A;AM;TF 03.03;15;0;UTS;14/11/2013;4;0;Esai;-
64B208;-;TF 04.01A;7;0;UTS;14/11/2013;4;0;Esai;-
67B055;-;TF 04.01A;18;0;UTS;14/11/2013;4;0;Esai;-
64B208;-;TF 04.01B;5;0;UTS;14/11/2013;4;0;Esai;-
00141A;AL;TF 04.03A;20;0;UTS;14/11/2013;4;0;Esai;-
67B055;-;TF 04.03A;5;0;UTS;14/11/2013;4;0;Esai;-
62B031;-;PE 01.01;50;0;UTS;25/10/2013;1;0;Esai;-
64B012;A;PE 01.02;49;0;UTS;25/10/2013;1;0;Esai;-
64B012;Q;TC 02.01;46;0;UTS;25/10/2013;1;0;Esai;-
64B012;P;TC 02.01;57;0;UTS;25/10/2013;1;0;Esai;-
68B054;P;TC 02.01;31;0;UTS;25/10/2013;1;0;Esai;-
68B054;Q;TC 02.01;27;0;UTS;25/10/2013;1;0;Esai;-
68B054;R;TC 02.01;17;0;UTS;25/10/2013;1;0;Esai;-
60B401;-;TF 01.01A;54;0;UTS;25/10/2013;1;0;Esai;-
60B401;-;TF 01.01B;52;0;UTS;25/10/2013;1;0;Esai;-
64B012;B;TF 02.01;25;0;UTS;25/10/2013;1;0;Esai;-
64B012;B;TF 02.02;40;0;UTS;25/10/2013;1;0;Esai;-
63B031;B;TF 02.03;20;0;UTS;25/10/2013;1;0;Esai;-
64B012;B;TF 02.03;5;0;UTS;25/10/2013;1;0;Esai;-
63B031;B;TF 02.04;25;0;UTS;25/10/2013;1;0;Esai;-
63B031;B;TF 02.05;19;0;UTS;25/10/2013;1;0;Esai;-
64B012;C;TF 02.05;6;0;UTS;25/10/2013;1;0;Esai;-
64B012;C;TF 03.01;40;0;UTS;25/10/2013;1;0;Esai;-
63B553;A;TF 03.02;25;0;UTS;25/10/2013;1;0;Esai;-
64B012;C;TF 03.02;15;0;UTS;25/10/2013;1;0;Esai;-
63B553;A;TF 03.03;36;0;UTS;25/10/2013;1;0;Esai;-
63B153;-;TF 04.01A;7;0;UTS;25/10/2013;1;0;Esai;-
64B210;-;TF 04.01A;18;0;UTS;25/10/2013;1;0;Esai;-
64B055;-;TF 04.01B;18;0;UTS;25/10/2013;1;0;Esai;-
64B055;-;TF 04.02A;25;0;UTS;25/10/2013;1;0;Esai;-
63B553;-;TF 04.02B;13;0;UTS;25/10/2013;1;0;Esai;-
64B055;-;TF 04.02B;12;0;UTS;25/10/2013;1;0;Esai;-
63B352;-;TF 04.03A;24;0;UTS;25/10/2013;1;0;Esai;-
63B553;-;TF 04.03B;25;0;UTS;25/10/2013;1;0;Esai;-
60B403;-;TG 03 02;16;0;UTS;25/10/2013;1;0;Esai;-
63B553;-;TG 03 02;12;0;UTS;25/10/2013;1;0;Esai;-
68B032;R;TC 02.01;24;0;UTS;08/11/2013;3;0;Esai;-
68B032;P;TC 02.01;23;0;UTS;08/11/2013;3;0;Esai;-
68B032;Q;TC 02.01;24;0;UTS;08/11/2013;3;0;Esai;-
68B043;P;TC 04.D;11;0;UTS;08/11/2013;3;0;Esai;-
65B013;B;TF 01.01A;54;0;UTS;08/11/2013;3;0;Esai;-
65B013;B;TF 01.01B;28;0;UTS;08/11/2013;3;0;Esai;-
65B013;A;TF 01.01B;26;0;UTS;08/11/2013;3;0;Esai;-
65B013;A;TF 02.01;25;0;UTS;08/11/2013;3;0;Esai;-
63B046;-;TF 02.02;11;0;UTS;08/11/2013;3;0;Esai;-
65B013;A;TF 02.02;29;0;UTS;08/11/2013;3;0;Esai;-
63B046;-;TF 02.03;25;0;UTS;08/11/2013;3;0;Esai;-
62B051;-;TF 02.04;5;0;UTS;08/11/2013;3;0;Esai;-
63B046;-;TF 02.04;20;0;UTS;08/11/2013;3;0;Esai;-
62B051;-;TF 02.05;25;0;UTS;08/11/2013;3;0;Esai;-
62B051;-;TF 03.01;5;0;UTS;08/11/2013;3;0;Esai;-
63B071;B;TF 03.01;32;0;UTS;08/11/2013;3;0;Esai;-
69B036;Z;TF 03.01;1;0;UTS;08/11/2013;3;0;Esai;-
63B071;A;TF 03.02;29;0;UTS;08/11/2013;3;0;Esai;-
64B212;-;TF 03.02;11;0;UTS;08/11/2013;3;0;Esai;-
64B212;-;TF 03.03;14;0;UTS;08/11/2013;3;0;Esai;-
68B404;P;TF 03.03;24;0;UTS;08/11/2013;3;0;Esai;-
61B031;-;TF 04.01A;7;0;UTS;08/11/2013;3;0;Esai;-
65B053;-;TF 04.01A;4;0;UTS;08/11/2013;3;0;Esai;-
69B015;Z;TF 04.01A;7;0;UTS;08/11/2013;3;0;Esai;-
65B013;-;TF 04.03A;16;0;UTS;08/11/2013;3;0;Esai;-
65B053;-;TF 04.03A;9;0;UTS;08/11/2013;3;0;Esai;-
60B701;A;TF 01.01A;54;0;UTS;15/11/2013;4;0;Esai;-
60B701;A;TF 01.01B;5;0;UTS;15/11/2013;4;0;Esai;-
60B701;C;TF 01.01B;49;0;UTS;15/11/2013;4;0;Esai;-
60B701;B;TF 02.01;18;0;UTS;15/11/2013;4;0;Esai;-
60B701;C;TF 02.01;7;0;UTS;15/11/2013;4;0;Esai;-
60B701;B;TF 02.02;25;0;UTS;15/11/2013;4;0;Esai;-
68B801;P;TF 02.02;15;0;UTS;15/11/2013;4;0;Esai;-
67B061;-;TF 02.03;6;0;UTS;15/11/2013;4;0;Esai;-
68B801;P;TF 02.03;14;0;UTS;15/11/2013;4;0;Esai;-
61B033;-;TB 03;9;0;UTS;28/10/2013;2;0;Esai;-
68B071;P;TC 02.01;16;0;UTS;28/10/2013;2;0;Esai;-
67B034;A;TC 04.A;11;0;UTS;28/10/2013;2;0;Esai;-
63B012;A;TF 01.01A;54;0;UTS;28/10/2013;2;0;Esai;-
63B012;A;TF 01.01B;38;0;UTS;28/10/2013;2;0;Esai;-
63B012;B;TF 01.01B;16;0;UTS;28/10/2013;2;0;Esai;-
63B012;B;TF 02.01;25;0;UTS;28/10/2013;2;0;Esai;-
63B012;B;TF 02.02;40;0;UTS;28/10/2013;2;0;Esai;-
63B012;B;TF 02.03;6;0;UTS;28/10/2013;2;0;Esai;-
64B062;-;TF 02.03;19;0;UTS;28/10/2013;2;0;Esai;-
64B062;-;TF 02.04;25;0;UTS;28/10/2013;2;0;Esai;-
64B062;-;TF 02.05;8;0;UTS;28/10/2013;2;0;Esai;-
68B063;P;TF 02.05;17;0;UTS;28/10/2013;2;0;Esai;-
63B552;-;TF 03.01;19;0;UTS;28/10/2013;2;0;Esai;-
68B063;P;TF 03.01;21;0;UTS;28/10/2013;2;0;Esai;-
62B151;-;TF 03.02;19;0;UTS;28/10/2013;2;0;Esai;-
62B351;-;TF 03.02;10;0;UTS;28/10/2013;2;0;Esai;-
69B014;Z;TF 03.02;8;0;UTS;28/10/2013;2;0;Esai;-
61B372;-;TF 03.03;5;0;UTS;28/10/2013;2;0;Esai;-
66B016;-;TF 03.03;5;0;UTS;28/10/2013;2;0;Esai;-
64B204;B;TF 01.01A;40;0;UTS;04/11/2013;3;0;Esai;-
68B031;P;TF 01.01A;14;0;UTS;04/11/2013;3;0;Esai;-
68B031;R;TF 01.01B;24;0;UTS;04/11/2013;3;0;Esai;-
68B031;Q;TF 01.01B;16;0;UTS;04/11/2013;3;0;Esai;-
68B031;P;TF 01.01B;14;0;UTS;04/11/2013;3;0;Esai;-
63B351;-;TF 02.01;17;0;UTS;04/11/2013;3;0;Esai;-
68B031;Q;TF 02.01;8;0;UTS;04/11/2013;3;0;Esai;-
60B391;-;TF 02.02;16;0;UTS;04/11/2013;3;0;Esai;-
63B033;A;TF 02.02;19;0;UTS;04/11/2013;3;0;Esai;-
63B351;-;TF 02.02;5;0;UTS;04/11/2013;3;0;Esai;-
61B051;-;TF 02.03;13;0;UTS;04/11/2013;3;0;Esai;-
65B072;-;TF 02.03;11;0;UTS;04/11/2013;3;0;Esai;-
62B371;-;TF 02.04;11;0;UTS;04/11/2013;3;0;Esai;-
62B581;-;TF 02.04;6;0;UTS;04/11/2013;3;0;Esai;-
64B034;A;TF 01.01A;54;0;UTS;11/11/2013;4;0;Esai;-
63B045;-;TF 01.01B;48;0;UTS;11/11/2013;4;0;Esai;-
64B034;A;TF 01.01B;6;0;UTS;11/11/2013;4;0;Esai;-
63B045;-;TF 02.01;11;0;UTS;11/11/2013;4;0;Esai;-
67B052;-;TF 02.01;14;0;UTS;11/11/2013;4;0;Esai;-
67B052;-;TF 02.02;36;0;UTS;11/11/2013;4;0;Esai;-
63B064;-;TF 02.03;25;0;UTS;11/11/2013;4;0;Esai;-
60B494;A;TF 02.04;23;0;UTS;11/11/2013;4;0;Esai;-
63B064;-;TF 02.04;2;0;UTS;11/11/2013;4;0;Esai;-
60B494;B;TF 02.05;13;0;UTS;11/11/2013;4;0;Esai;-
60B494;A;TF 02.05;1;0;UTS;11/11/2013;4;0;Esai;-
66B053;-;PE 02.02;41;0;UTS;22/10/2013;1;0;Esai;-
63B054;-;TF 01.01A;23;0;UTS;22/10/2013;1;0;Esai;-
64B063;-;TF 01.01A;19;0;UTS;22/10/2013;1;0;Esai;-
67B036;-;TF 01.01A;11;0;UTS;22/10/2013;1;0;Esai;-
65B056;-;TF 01.01B;9;0;UTS;22/10/2013;1;0;Esai;-
60B497;-;TF 02.02;31;0;UTS;22/10/2013;1;0;Esai;-
66B034;-;PE 01.01;3;0;UTS;29/10/2013;2;0;Esai;-
64B032;A;TF 01.01A;54;0;UTS;29/10/2013;2;0;Esai;-
64B032;A;TF 01.01B;36;0;UTS;29/10/2013;2;0;Esai;-
64B032;P;TF 01.01B;18;0;UTS;29/10/2013;2;0;Esai;-
64B032;P;TF 02.01;25;0;UTS;29/10/2013;2;0;Esai;-
64B032;P;TF 02.02;40;0;UTS;29/10/2013;2;0;Esai;-
64B032;P;TF 02.03;2;0;UTS;29/10/2013;2;0;Esai;-
67B012;-;TF 02.03;23;0;UTS;29/10/2013;2;0;Esai;-
67B012;-;TF 02.04;25;0;UTS;29/10/2013;2;0;Esai;-
63B405;Z;TF 02.05;20;0;UTS;29/10/2013;2;0;Esai;-
67B012;-;TF 02.05;5;0;UTS;29/10/2013;2;0;Esai;-
63B032;A;TF 03.01;18;0;UTS;29/10/2013;2;0;Esai;-
63B405;Z;TF 03.01;22;0;UTS;29/10/2013;2;0;Esai;-
63B032;B;TF 03.02;16;0;UTS;29/10/2013;2;0;Esai;-
63B032;A;TF 03.02;24;0;UTS;29/10/2013;2;0;Esai;-
63B032;B;TF 03.03;15;0;UTS;29/10/2013;2;0;Esai;-
64B807;-;TF 03.03;22;0;UTS;29/10/2013;2;0;Esai;-
69B034;Z;TF 04.01A;1;0;UTS;29/10/2013;2;0;Esai;-
61B172;-;TF 04.03A;4;0;UTS;29/10/2013;2;0;Esai;-
62B075;-;TF 04.03A;9;0;UTS;29/10/2013;2;0;Esai;-
65B076;-;TF 04.03A;12;0;UTS;29/10/2013;2;0;Esai;-
63B073;B;LAB KOMP.;22;0;UTS;05/11/2013;3;0;Esai;-
68B062;P;TC 02.01;19;0;UTS;05/11/2013;3;0;Esai;-
64B054;B;TF 01.01A;54;0;UTS;05/11/2013;3;0;Esai;-
64B054;A;TF 01.01B;23;0;UTS;05/11/2013;3;0;Esai;-
64B054;B;TF 01.01B;2;0;UTS;05/11/2013;3;0;Esai;-
68B052;Q;TF 01.01B;22;0;UTS;05/11/2013;3;0;Esai;-
68B052;P;TF 01.01B;7;0;UTS;05/11/2013;3;0;Esai;-
62B909;-;TF 02.01;10;0;UTS;05/11/2013;3;0;Esai;-
68B052;P;TF 02.01;15;0;UTS;05/11/2013;3;0;Esai;-
61B053;-;TF 02.02;6;0;UTS;05/11/2013;3;0;Esai;-
62B908;-;TF 02.02;10;0;UTS;05/11/2013;3;0;Esai;-
62B909;-;TF 02.02;11;0;UTS;05/11/2013;3;0;Esai;-
65B031;-;TF 02.02;11;0;UTS;05/11/2013;3;0;Esai;-
68B402;P;TC 02.01;11;0;UTS;12/11/2013;4;0;Esai;-
60B102;-;TF 01.01A;54;0;UTS;12/11/2013;4;0;Esai;-
60B102;-;TF 01.01B;5;0;UTS;12/11/2013;4;0;Esai;-
60B108;-;TF 01.01A;54;0;UTS;23/10/2013;1;0;Esai;-
60B108;-;TF 01.01B;9;0;UTS;23/10/2013;1;0;Esai;-
60B601;B;TF 01.01B;45;0;UTS;23/10/2013;1;0;Esai;-
60B601;B;TF 02.01;9;0;UTS;23/10/2013;1;0;Esai;-
60B601;C;TF 02.01;16;0;UTS;23/10/2013;1;0;Esai;-
60B601;C;TF 02.02;33;0;UTS;23/10/2013;1;0;Esai;-
63B061;A;TF 02.02;7;0;UTS;23/10/2013;1;0;Esai;-
63B061;A;TF 02.03;25;0;UTS;23/10/2013;1;0;Esai;-
62B074;-;TF 02.04;11;0;UTS;23/10/2013;1;0;Esai;-
63B061;A;TF 02.04;14;0;UTS;23/10/2013;1;0;Esai;-
62B074;-;TF 02.05;25;0;UTS;23/10/2013;1;0;Esai;-
60B601;E;TF 03.01;34;0;UTS;23/10/2013;1;0;Esai;-
60B601;A;TF 03.01;5;0;UTS;23/10/2013;1;0;Esai;-
62B074;-;TF 03.01;1;0;UTS;23/10/2013;1;0;Esai;-
60B601;A;TF 03.02;21;0;UTS;23/10/2013;1;0;Esai;-
65B035;B;PE 03.03;12;0;UTS;30/10/2013;2;0;Esai;-
65B035;C;PE 03.03;25;0;UTS;30/10/2013;2;0;Esai;-
68B012;P;TC 02.01;44;0;UTS;30/10/2013;2;0;Esai;-
68B012;Q;TC 02.01;47;0;UTS;30/10/2013;2;0;Esai;-
65B035;A;TD 02.01;12;0;UTS;30/10/2013;2;0;Esai;-
63B011;B;TF 01.01A;54;0;UTS;30/10/2013;2;0;Esai;-
63B011;B;TF 01.01B;29;0;UTS;30/10/2013;2;0;Esai;-
63B011;A;TF 01.01B;25;0;UTS;30/10/2013;2;0;Esai;-
63B011;A;TF 02.01;25;0;UTS;30/10/2013;2;0;Esai;-
61B011;-;TF 02.02;11;0;UTS;30/10/2013;2;0;Esai;-
63B011;A;TF 02.02;29;0;UTS;30/10/2013;2;0;Esai;-
61B011;-;TF 02.03;14;0;UTS;30/10/2013;2;0;Esai;-
63B041;-;TF 02.03;11;0;UTS;30/10/2013;2;0;Esai;-
63B011;C;TF 02.04;12;0;UTS;30/10/2013;2;0;Esai;-
63B041;-;TF 02.04;13;0;UTS;30/10/2013;2;0;Esai;-
63B011;C;TF 02.05;8;0;UTS;30/10/2013;2;0;Esai;-
67B201;-;TF 02.05;11;0;UTS;30/10/2013;2;0;Esai;-
69B013;Z;TF 03.01;7;0;UTS;30/10/2013;2;0;Esai;-
63B551;Z;LAB KOMP.;15;0;UTS;06/11/2013;3;0;Esai;-
66B201;-;PE 02.02;33;0;UTS;06/11/2013;3;0;Esai;-
68B426;P;TC 02.01;16;0;UTS;06/11/2013;3;0;Esai;-
67B051;A;TC 04.C;23;0;UTS;06/11/2013;3;0;Esai;-
63B036;A;TF 01.01A;54;0;UTS;06/11/2013;3;0;Esai;-
63B036;B;TF 01.01B;38;0;UTS;06/11/2013;3;0;Esai;-
63B036;A;TF 01.01B;14;0;UTS;06/11/2013;3;0;Esai;-
62B925;-;TF 02.01;20;0;UTS;06/11/2013;3;0;Esai;-
63B152;-;TF 02.01;5;0;UTS;06/11/2013;3;0;Esai;-
61B371;-;TF 02.02;7;0;UTS;06/11/2013;3;0;Esai;-
63B152;-;TF 02.02;5;0;UTS;06/11/2013;3;0;Esai;-
65B073;-;TF 02.02;5;0;UTS;06/11/2013;3;0;Esai;-
66B051;-;PE 02.02;47;0;UTS;24/10/2013;1;0;Esai;-
68B412;P;TC 02.01;23;0;UTS;24/10/2013;1;0;Esai;-
63B055;A;TF 01.01A;54;0;UTS;24/10/2013;1;0;Esai;-
61B173;-;TF 01.01B;11;0;UTS;24/10/2013;1;0;Esai;-
63B055;A;TF 01.01B;6;0;UTS;24/10/2013;1;0;Esai;-
63B055;Z;TF 01.01B;25;0;UTS;24/10/2013;1;0;Esai;-
65B051;-;TF 01.01B;12;0;UTS;24/10/2013;1;0;Esai;-
62B081;-;TF 02.01;7;0;UTS;24/10/2013;1;0;Esai;-
69B035;Z;TF 02.01;1;0;UTS;24/10/2013;1;0;Esai;-
61B052;-;TB 03;12;0;UTS;31/10/2013;2;0;Esai;-
64B401;-;TC 04.A;5;0;UTS;31/10/2013;2;0;Esai;-
63B035;A;TF 01.01A;54;0;UTS;31/10/2013;2;0;Esai;-
63B035;A;TF 01.01B;12;0;UTS;31/10/2013;2;0;Esai;-
64B033;B;TF 01.01B;42;0;UTS;31/10/2013;2;0;Esai;-
63B035;B;TF 02.01;16;0;UTS;31/10/2013;2;0;Esai;-
64B033;B;TF 02.01;9;0;UTS;31/10/2013;2;0;Esai;-
62B052;-;TF 02.02;18;0;UTS;31/10/2013;2;0;Esai;-
63B035;B;TF 02.02;22;0;UTS;31/10/2013;2;0;Esai;-
62B052;-;TF 02.03;16;0;UTS;31/10/2013;2;0;Esai;-
64B033;R;TF 02.03;9;0;UTS;31/10/2013;2;0;Esai;-
64B033;R;TF 02.04;22;0;UTS;31/10/2013;2;0;Esai;-
64B033;Q;TF 02.05;25;0;UTS;31/10/2013;2;0;Esai;-
64B033;Q;TF 03.01;6;0;UTS;31/10/2013;2;0;Esai;-
66B054;-;TF 03.01;7;0;UTS;31/10/2013;2;0;Esai;-
67B033;-;TF 03.01;27;0;UTS;31/10/2013;2;0;Esai;-
63B561;-;TF 03.02;21;0;UTS;31/10/2013;2;0;Esai;-
65B012;-;TF 03.02;5;0;UTS;31/10/2013;2;0;Esai;-
66B054;-;TF 03.02;14;0;UTS;31/10/2013;2;0;Esai;-
65B012;-;TF 03.03;13;0;UTS;31/10/2013;2;0;Esai;-
67B062;-;TF 03.03;6;0;UTS;31/10/2013;2;0;Esai;-
68B061;P;TC 04.D;28;0;UTS;07/11/2013;3;0;Esai;-
60B202;-;TF 01.01A;45;0;UTS;07/11/2013;3;0;Esai;-
63B063;-;TF 01.01A;9;0;UTS;07/11/2013;3;0;Esai;-
63B063;-;TF 01.01B;21;0;UTS;07/11/2013;3;0;Esai;-
64B052;C;TF 01.01B;6;0;UTS;07/11/2013;3;0;Esai;-
64B052;B;TF 01.01B;27;0;UTS;07/11/2013;3;0;Esai;-
64B052;C;TF 02.01;18;0;UTS;07/11/2013;3;0;Esai;-
64B052;A;TF 02.01;7;0;UTS;07/11/2013;3;0;Esai;-
61B034;-;TF 02.02;9;0;UTS;07/11/2013;3;0;Esai;-
64B052;A;TF 02.02;17;0;UTS;07/11/2013;3;0;Esai;-
65B033;-;TF 02.02;12;0;UTS;07/11/2013;3;0;Esai;-
61B074;-;TC 03;11;0;UTS;14/11/2013;4;0;Esai;-
63B062;-;TF 01.01A;54;0;UTS;25/10/2013;1;0;Esai;-
63B062;-;TF 01.01B;4;0;UTS;25/10/2013;1;0;Esai;-
65B064;-;TF 01.01B;40;0;UTS;25/10/2013;1;0;Esai;-
65B075;-;TG 01.03;11;0;UTS;25/10/2013;1;0;Esai;-
63B043;B;TF 01.01A;39;0;UTS;08/11/2013;3;0;Esai;-
63B043;A;TF 01.01A;15;0;UTS;08/11/2013;3;0;Esai;-
63B043;A;TF 01.01B;23;0;UTS;08/11/2013;3;0;Esai;-
63B161;-;TF 01.01B;24;0;UTS;08/11/2013;3;0;Esai;-
63B605;Z;TF 01.01B;7;0;UTS;08/11/2013;3;0;Esai;-
63B605;Z;TF 02.01;10;0;UTS;08/11/2013;3;0;Esai;-
65B055;-;TF 02.01;4;0;UTS;08/11/2013;3;0;Esai;-